,count,mean,std,min,25%,50%,75%,max
X1,30.0,-1.6283271027835628e-16,1.0170952554312156,-1.5205597360275018,-0.8293962196513647,0.207349054912841,0.8985125712889781,1.5896760876651153
X2,30.0,-1.2212453270876723e-16,1.0170952554312156,-1.7064824976350548,-0.8754033591764243,0.2881074346656584,0.8698628315866999,1.285402400816015
X3,30.0,4.4408920985006264e-17,1.0170952554312156,-1.3581281953931856,-0.6173309979059934,-0.24693239916239731,0.7716637473824919,1.9754591932991792
X4,30.0,-8.511709855459534e-17,1.0170952554312156,-1.88883557698066,-1.0143746617118359,0.20987061966451764,0.9094393518795769,1.2592237179871064
X5,30.0,4.4408920985006264e-17,1.0170952554312156,-1.618130571328026,-0.9042494369186028,-0.19036830250917952,0.5235128319002438,1.5943345335143788
