component,eigenvalue,explained_variance_ratio,cumulative_explained_variance_ratio
PC1,2.763710118388133,0.5343172895550391,0.5343172895550391
PC2,1.916083659036689,0.3704428407470932,0.9047601303021323
PC3,0.35375628601978143,0.06839288196382441,0.9731530122659567
PC4,0.0968709615015759,0.018728385890304674,0.9918813981562614
PC5,0.04199276815726799,0.008118601843738478,0.9999999999999999
