,count,mean,std,min,25%,50%,75%,max
X1,30.0,4.4,2.9431393044701846,0.0,2.0,5.0,7.0,9.0
X2,30.0,5.133333333333334,3.0595619850282305,0.0,2.5,6.0,7.75,9.0
X3,30.0,3.6666666666666665,2.7459479028301814,0.0,2.0,3.0,5.75,9.0
X4,30.0,5.4,2.90777791686248,0.0,2.5,6.0,8.0,9.0
X5,30.0,4.533333333333333,2.8494806947731823,0.0,2.0,4.0,6.0,9.0
